files_accessed,data_transfer_mb,usb_copy_frequency,hour_of_day,is_anomaly
27,1.6076374326070546,2,9,0.0
22,3.6202501037717134,0,9,0.0
21,11.605258156366965,2,11,0.0
15,2.4266142593283737,0,10,0.0
14,11.196617788847723,3,12,0.0
14,0.508785470907684,0,16,0.0
25,9.176285468657426,1,16,0.0
853,2064.012472902209,35,1,1.0
18,6.823992525526813,1,16,0.0
22,3.2669225918819262,1,11,0.0
22,1.5410070296113458,1,11,0.0
22,5.20278931558436,1,13,0.0
29,0.24953161282464986,0,15,0.0
19,14.143928320876784,0,11,0.0
21,2.8816049297110307,1,14,0.0
17,2.220109678489743,0,11,0.0
18,10.98669245967685,1,17,0.0
22,11.713342458765322,0,14,0.0
22,73.39000566875333,2,16,0.0
21,0.060654005923873426,1,15,0.0
24,7.711955228569481,0,12,0.0
16,5.728260002207045,1,12,0.0
31,29.481833808536816,0,17,0.0
19,7.230749700078633,0,10,0.0
25,14.178946745737333,0,15,0.0
23,1.773472276656689,1,9,0.0
22,14.224113350374882,3,12,0.0
21,1.430442199540243,1,10,0.0
24,15.162715670931853,3,14,0.0
15,0.9822978531124464,1,12,0.0
22,13.572638136490333,2,11,0.0
15,12.089823359870628,1,13,0.0
18,5.731373395996819,1,11,0.0
18,6.636233061595189,1,14,0.0
21,3.706169856744946,1,15,0.0
13,3.7926127023876854,1,9,0.0
30,0.5114609090584548,0,12,0.0
28,0.6394831516097644,1,16,0.0
16,3.8046590477678084,0,11,0.0
335,3266.4082493329183,35,23,1.0
19,3.281804122525437,1,14,0.0
14,8.810547149463606,0,17,0.0
23,18.85212023935859,2,14,0.0
16,21.346073319931122,0,11,0.0
16,21.91689691718487,0,13,0.0
12,3.36038026752755,1,12,0.0
20,1.9641826506420756,0,11,0.0
17,0.8927118402130035,0,15,0.0
16,12.921717616131733,2,14,0.0
15,2.6699756700097925,1,16,0.0
24,2.9034992352929843,1,11,0.0
26,1.2693654972997868,1,14,0.0
23,1.8920885439824713,1,14,0.0
24,2.72795786510522,2,11,0.0
13,9.045520038896955,0,12,0.0
26,1.8835354677357126,2,10,0.0
14,1.7003195424467847,0,16,0.0
18,4.673721522712178,1,11,0.0
21,12.149570028020225,0,13,0.0
13,0.05881992940075646,0,9,0.0
16,3.143580205799249,0,17,0.0
17,4.415832292526428,2,9,0.0
18,33.98923076555259,1,17,0.0
22,6.0816202895230065,0,9,0.0
13,37.50315003428418,1,14,0.0
19,6.050609087312271,0,11,0.0
22,5.782673075469969,1,17,0.0
19,5.831341790820542,2,14,0.0
26,20.178587522588206,0,9,0.0
27,5.5705290430972365,1,14,0.0
20,4.71318443648194,1,9,0.0
19,5.4937003973264815,1,10,0.0
18,10.856503987174065,1,12,0.0
24,17.96756583281812,2,15,0.0
19,3.8392476045383312,1,9,0.0
13,0.6965517603524845,1,15,0.0
28,17.579974431107004,2,10,0.0
12,10.422569112326949,1,12,0.0
17,2.8631886758637757,0,17,0.0
20,11.909903146114226,1,12,0.0
20,7.999764615179965,2,12,0.0
29,26.507744820058047,1,10,0.0
18,14.997827844207869,1,17,0.0
26,1.8394693964449016,0,14,0.0
21,0.9576859262634184,0,16,0.0
19,16.280778205245575,0,15,0.0
15,38.64750220070523,3,13,0.0
19,6.943870135031269,1,16,0.0
11,2.281493137755422,2,13,0.0
13,4.191510193550425,2,11,0.0
28,23.991195201548035,1,15,0.0
16,5.4024547865953565,2,15,0.0
17,13.319402773500023,0,9,0.0
28,8.07658953525891,2,11,0.0
23,0.8498495634527712,1,9,0.0
16,31.04992839600694,1,11,0.0
24,4.498771171513195,5,16,0.0
20,1.8489687702771165,2,12,0.0
19,7.006138561116622,0,15,0.0
923,2833.4829023104,18,1,1.0
18,4.037254053615224,2,13,0.0
28,3.702952073058832,1,12,0.0
21,9.810734233162785,3,14,0.0
23,26.116322244729954,0,9,0.0
33,9.546931403682532,1,11,0.0
17,3.2172002178661305,0,16,0.0
21,1.390977284446424,1,13,0.0
22,0.4589793620499067,0,12,0.0
17,2.358714281037408,1,11,0.0
22,8.022657885790043,1,15,0.0
23,4.1147906904242895,0,16,0.0
23,22.14868657271723,0,9,0.0
23,24.03460029597596,0,11,0.0
16,1.1274730754879738,1,10,0.0
21,0.6162253588162449,1,12,0.0
20,5.191410805043449,1,16,0.0
719,3992.0998029811008,38,1,1.0
330,1291.144475347656,32,0,1.0
24,2.7900918301027677,1,15,0.0
27,0.14113648145154342,0,15,0.0
33,29.814580715645057,1,17,0.0
33,21.84131485513303,0,10,0.0
15,2.759711989406221,1,10,0.0
23,22.39703926322313,2,15,0.0
18,6.979021072718165,3,13,0.0
22,9.258178644358017,0,16,0.0
23,17.120005978165093,0,11,0.0
19,0.5056617681195948,2,10,0.0
20,9.626042500641285,2,16,0.0
19,10.503570288077782,2,13,0.0
19,14.495166268767568,1,14,0.0
17,9.830749593433282,1,13,0.0
22,7.7700122016074324,1,14,0.0
18,0.2208888501872862,3,10,0.0
21,4.076510583935762,0,11,0.0
21,12.587271462934224,0,12,0.0
12,14.370034628429897,2,12,0.0
387,1745.2399889403466,17,0,1.0
17,8.74922703929043,1,10,0.0
22,12.893778690672981,0,11,0.0
20,20.256972683862262,0,17,0.0
21,9.001625328667256,2,11,0.0
23,14.776907647600527,1,13,0.0
32,6.619839033874896,1,11,0.0
26,3.5652865891681684,2,16,0.0
23,0.07380211441347014,0,14,0.0
23,30.71158821748142,2,13,0.0
14,8.421263364341424,1,10,0.0
20,1.132013237341953,0,16,0.0
781,4711.878986942605,17,23,1.0
18,7.3023808630369125,1,10,0.0
21,6.753460896468937,0,16,0.0
21,3.2400604817547656,2,13,0.0
14,13.45034318193562,5,15,0.0
26,7.8707260606076845,5,16,0.0
844,2012.488201495144,46,20,1.0
19,5.4697259387570885,1,14,0.0
779,3296.030096428022,47,3,1.0
28,30.303735413150065,1,14,0.0
20,4.481890022431437,1,11,0.0
22,3.639868779777241,0,17,0.0
20,7.055029044960639,0,9,0.0
17,4.635822307736845,0,9,0.0
25,8.116397998589237,1,15,0.0
27,5.961629738751385,1,9,0.0
21,20.677838711032667,1,11,0.0
783,2883.1469118723035,30,21,1.0
17,3.142040359331152,0,13,0.0
22,5.398499144592432,2,13,0.0
19,10.167311904444862,0,9,0.0
17,16.186813438862043,1,17,0.0
23,5.522937055209992,1,17,0.0
21,9.1051329227412,2,14,0.0
11,0.4076780149507192,1,13,0.0
32,5.435807301359345,0,13,0.0
562,4424.660869364938,21,0,1.0
15,41.173010501123215,2,13,0.0
456,838.2135440213818,31,2,1.0
18,0.5615805894076391,0,17,0.0
26,16.487109459851663,1,9,0.0
22,16.774063328595236,0,16,0.0
15,16.684765942617595,0,15,0.0
17,13.547778303680309,0,11,0.0
21,0.005981176715128857,1,9,0.0
540,2991.403480996557,16,3,1.0
26,4.1359752037536195,1,15,0.0
16,0.8857567742582315,0,13,0.0
19,15.143463339760519,3,11,0.0
24,75.25203436032187,1,11,0.0
19,7.169900902175578,0,14,0.0
22,4.117000737415673,2,14,0.0
13,3.551420481359635,4,13,0.0
21,13.288881574772894,1,16,0.0
769,1656.5253956342476,12,3,1.0
23,5.5302735672140955,1,15,0.0
22,13.372430555351212,2,13,0.0
24,18.56700398734173,0,17,0.0
16,9.933974908264565,3,11,0.0
21,12.988800343725943,1,17,0.0
19,0.8692882554323832,0,14,0.0
18,1.9925314004922976,0,14,0.0
25,0.2973724455794852,1,13,0.0
32,13.821555413046656,0,10,0.0
790,4268.836919141481,18,0,1.0
17,3.8278370448899897,2,11,0.0
18,20.030073013188275,2,17,0.0
732,1100.284650233642,17,1,1.0
21,54.36471237663443,2,17,0.0
15,0.5910461153638691,1,10,0.0
19,7.668851632250164,0,10,0.0
19,12.483228618901174,0,15,0.0
17,1.1923073864586062,0,11,0.0
18,0.35792217449236685,0,12,0.0
541,3621.5771673704226,16,0,1.0
717,2657.8874872458,12,1,1.0
21,7.889886328531671,1,11,0.0
21,8.670948786926992,1,12,0.0
22,3.948523832916688,1,16,0.0
17,9.425397625891,1,16,0.0
30,24.171687299102487,1,16,0.0
17,11.065902774487231,1,11,0.0
24,2.305231992809348,4,15,0.0
18,0.6283921189922631,1,13,0.0
21,2.1962846393892854,2,17,0.0
18,7.112277339379046,1,14,0.0
24,1.8216778481419555,0,11,0.0
18,1.5784869825637542,1,16,0.0
22,1.585366345000549,0,17,0.0
7,60.628588417014804,0,12,0.0
15,20.74637353958813,0,16,0.0
665,3463.8012903339245,27,21,1.0
21,1.3480093149507733,2,12,0.0
24,4.753227220355632,0,17,0.0
7,3.536216078176968,0,9,0.0
23,18.578574260826592,0,9,0.0
22,4.399909858823777,1,11,0.0
20,1.7637275001240553,2,9,0.0
19,2.3489786258445373,2,15,0.0
31,7.298430096471216,1,10,0.0
13,12.17502089059536,2,11,0.0
17,0.5342583508901313,0,14,0.0
19,3.011700141513138,0,16,0.0
23,1.6400743025106448,2,14,0.0
23,34.194995605254086,2,17,0.0
22,0.12075645280140085,1,17,0.0
17,5.199869211441635,3,15,0.0
18,2.1088001471667797,1,14,0.0
13,1.0665648797073595,2,9,0.0
11,29.40353121782458,0,17,0.0
441,1952.0066187937366,37,0,1.0
13,14.287846935734477,0,17,0.0
814,1290.3115159797717,36,1,1.0
25,1.794698387367111,1,11,0.0
19,7.107125202527044,0,9,0.0
22,4.412536827376751,1,15,0.0
24,8.640871910500847,0,10,0.0
28,1.3161151228938672,0,17,0.0
21,10.964561131275943,0,13,0.0
21,28.644020229109,1,15,0.0
16,10.448543531271234,0,14,0.0
15,0.5375195367858119,1,16,0.0
21,7.499037362026554,0,15,0.0
12,12.66089943645751,0,14,0.0
21,44.33242117742316,3,10,0.0
25,2.9791020022182573,0,12,0.0
9,2.282369865434577,2,14,0.0
24,2.5919990441900524,1,13,0.0
14,9.224827892971913,0,9,0.0
17,6.42754388673347,0,9,0.0
23,0.4015750682000012,0,14,0.0
21,8.467627661557925,1,15,0.0
21,18.485725765198076,1,12,0.0
18,5.011896898549628,0,12,0.0
23,40.71422074678638,0,10,0.0
19,13.45464087165402,0,11,0.0
12,9.602275388403696,1,13,0.0
12,12.849309175001373,1,16,0.0
18,1.8482401140114892,2,17,0.0
19,0.806501542336196,2,15,0.0
20,27.51422970318241,1,10,0.0
12,0.35038033681934044,0,9,0.0
18,6.641064587952706,0,11,0.0
18,7.511528927398087,3,16,0.0
23,4.3106991778420936,0,15,0.0
26,1.2450302892333251,1,16,0.0
25,21.277511699010834,1,14,0.0
19,9.682022408988972,0,14,0.0
322,1989.3330696130174,31,22,1.0
24,4.307934830300976,0,14,0.0
19,21.33985158334065,0,9,0.0
27,4.301898593818507,2,12,0.0
21,7.1234809030182,1,9,0.0
10,6.998599218911432,1,14,0.0
29,3.6949639261205762,2,10,0.0
18,3.9977693713109668,1,17,0.0
24,15.915524286430596,0,12,0.0
22,5.04271279544665,1,16,0.0
20,8.824583046410202,1,13,0.0
18,29.718301722020076,1,10,0.0
22,12.092040152918223,1,13,0.0
20,4.318754942649553,0,15,0.0
10,18.676311581706283,1,13,0.0
16,0.17057454652931803,0,9,0.0
18,30.937058483875916,1,10,0.0
18,13.600532722136844,0,16,0.0
26,9.16919454727911,2,13,0.0
19,15.554894701613511,2,14,0.0
9,3.223656902879484,1,9,0.0
17,19.419220329561004,1,13,0.0
22,9.879717054620766,3,10,0.0
16,0.6534248038480917,0,13,0.0
17,9.066935563182682,3,13,0.0
20,10.141851785009315,2,9,0.0
20,2.4021704555933256,1,15,0.0
18,1.2553202576137343,1,16,0.0
24,1.3067588713908926,1,14,0.0
13,19.56163282114705,0,9,0.0
14,1.5738933978565648,1,14,0.0
19,8.833438344635727,0,10,0.0
20,1.3559271469184235,1,10,0.0
14,2.7113087588043507,1,16,0.0
25,3.7346208665024316,0,17,0.0
20,3.370614696265288,0,14,0.0
20,16.017351800499128,2,15,0.0
23,8.814265963178634,3,12,0.0
25,0.754410315239231,0,13,0.0
21,4.194490535165588,1,11,0.0
18,34.21240245228931,0,13,0.0
22,0.1819351175536264,1,16,0.0
21,31.733796466924385,1,12,0.0
18,1.648512737393055,1,11,0.0
16,18.032900525854966,1,17,0.0
15,6.175058456833166,2,12,0.0
14,15.80532535921241,2,10,0.0
24,0.5605120310915178,2,17,0.0
18,34.55203737297697,0,12,0.0
22,6.154729710720278,2,16,0.0
20,22.76891209370531,0,11,0.0
24,33.67315458987348,0,9,0.0
22,24.071698891524832,1,10,0.0
24,14.821010312317478,1,11,0.0
19,1.2099982699549117,0,10,0.0
24,19.635828121542204,2,12,0.0
21,5.29545210803004,1,16,0.0
21,0.7264456192996025,1,9,0.0
20,0.5735463100539238,0,17,0.0
16,1.6933417186405975,1,15,0.0
24,5.254310358730866,0,11,0.0
27,1.9345160674555428,1,15,0.0
16,3.3205239306205243,1,14,0.0
19,8.724416383427991,2,10,0.0
26,8.192051557654432,3,10,0.0
16,12.64700490305277,1,17,0.0
24,4.113008385172028,0,13,0.0
15,4.018438215585191,2,14,0.0
24,6.131601287606566,1,15,0.0
17,12.557048609797414,2,14,0.0
15,0.9373186109627052,1,9,0.0
25,16.20871513383434,1,14,0.0
21,2.683805666415673,0,13,0.0
24,4.091966084663726,2,13,0.0
22,7.982342250726595,0,12,0.0
17,0.5024610075075022,1,14,0.0
21,8.976983444081588,1,13,0.0
23,6.771321564776775,2,15,0.0
24,1.4351899382185629,0,13,0.0
17,2.1813136421354478,0,10,0.0
19,6.640359653935747,1,10,0.0
266,951.2891261550755,39,20,1.0
491,2263.802630639685,15,3,1.0
14,19.279049719064467,0,10,0.0
17,6.068903676830766,1,15,0.0
16,2.9391984146417465,1,17,0.0
35,3.372643572226335,0,14,0.0
20,19.935546984847477,0,14,0.0
20,42.40578042643612,2,10,0.0
14,7.978795716699965,2,11,0.0
901,3732.2277447282227,39,0,1.0
21,12.949368975022342,2,12,0.0
20,12.64294035716798,2,9,0.0
20,0.4620244783014457,2,14,0.0
25,4.759466228302757,1,10,0.0
29,9.943027627774297,2,16,0.0
23,8.314765365449189,1,11,0.0
20,0.4074130252984888,1,16,0.0
23,23.63521270206953,0,16,0.0
19,8.19020330158421,0,16,0.0
15,0.9007326511467504,2,13,0.0
15,29.135093309244205,0,13,0.0
14,0.505509308122376,3,9,0.0
18,5.760753081965301,0,9,0.0
15,0.8107881576375628,1,10,0.0
20,30.058545632917646,0,12,0.0
20,13.336001120802155,1,14,0.0
21,39.85746239712025,1,16,0.0
13,3.8980309050500237,1,15,0.0
20,3.799454886266291,1,17,0.0
220,4658.368703408435,35,0,1.0
16,6.712896590224158,0,11,0.0
14,8.492954214491728,0,14,0.0
13,14.352089111459303,1,9,0.0
30,4.547081502536261,0,15,0.0
16,24.101271436331906,1,12,0.0
21,7.747777020854885,1,12,0.0
18,13.533521142439284,0,11,0.0
17,10.096274955153442,0,17,0.0
23,4.845392801568471,0,10,0.0
16,18.463871430522527,1,10,0.0
19,9.048929382595185,0,11,0.0
29,4.653461003327483,1,11,0.0
32,4.453872370520719,2,17,0.0
22,0.9477120065051476,1,17,0.0
19,1.2414461829769188,2,11,0.0
15,12.5057635177767,2,14,0.0
18,4.640548312913647,1,10,0.0
17,1.1638002329705779,2,16,0.0
25,9.098844027249767,1,13,0.0
25,40.44559498914576,1,17,0.0
25,6.018725875234385,1,9,0.0
20,5.941558868895468,2,14,0.0
24,14.360293774129016,0,14,0.0
18,9.496309904213051,2,17,0.0
18,5.381299272979129,0,15,0.0
24,5.859786853873907,1,12,0.0
26,1.5336259623197113,1,10,0.0
23,5.4599791795618575,1,16,0.0
30,12.632341661615545,1,12,0.0
12,13.39135122372504,0,14,0.0
24,0.8689109281468552,1,17,0.0
18,1.2017101076727734,1,11,0.0
22,7.647704065903582,0,14,0.0
15,65.43672451233795,1,12,0.0
18,0.4405650005242228,0,16,0.0
26,6.866551554436495,1,16,0.0
20,5.790383385345262,0,9,0.0
16,4.409248197386067,0,13,0.0
16,16.75850035864825,2,10,0.0
18,5.885213137801088,0,17,0.0
21,13.414971234034583,2,13,0.0
16,1.206389033008978,0,11,0.0
25,4.061302248539729,2,17,0.0
18,22.51393726698347,1,17,0.0
14,10.85396478458099,0,14,0.0
11,7.706238097116965,0,11,0.0
20,27.39455572571274,2,17,0.0
23,18.34759944844268,0,15,0.0
24,5.846402834969434,2,11,0.0
23,5.203953077789556,1,13,0.0
22,18.253535032869074,0,15,0.0
16,3.3576061363750065,1,10,0.0
14,11.064477813737863,0,12,0.0
14,34.71976041608512,0,10,0.0
17,0.9510317225448017,1,9,0.0
23,7.866469166426685,2,15,0.0
17,7.486760102428195,1,14,0.0
26,33.979558226125086,1,9,0.0
29,5.757496857634068,1,10,0.0
23,18.980052745393984,0,15,0.0
16,13.496291453419673,0,16,0.0
14,18.269703530129696,0,9,0.0
23,8.602321026954753,0,10,0.0
18,10.199160886323018,0,15,0.0
12,0.9060301285840527,0,11,0.0
17,13.807446237673979,1,17,0.0
18,4.516199407153104,2,15,0.0
19,15.985211246967781,1,11,0.0
18,12.149665279329646,1,13,0.0
16,0.6592033540715676,0,13,0.0
15,3.764449821263705,3,12,0.0
19,1.501838337478074,1,9,0.0
18,3.120392307307135,3,14,0.0
17,11.821380553414716,0,17,0.0
14,19.8747967623259,2,17,0.0
24,2.540964112951039,1,16,0.0
19,1.4896135134272794,1,10,0.0
19,3.42107260823604,2,9,0.0
22,0.09128573888656558,0,13,0.0
12,0.38250987322470087,0,16,0.0
15,10.194365611778085,1,10,0.0
11,21.7679369010487,1,16,0.0
23,1.282631792111805,2,9,0.0
19,6.739574653890302,2,16,0.0
23,1.921068185401972,0,10,0.0
28,3.856861768094852,0,9,0.0
34,22.377762376637058,1,16,0.0
18,2.722513548749383,1,13,0.0
18,2.5591154590333423,0,13,0.0
14,5.627270545611838,0,10,0.0
19,25.352292708595755,1,12,0.0
29,1.0795518950794378,2,9,0.0
17,10.460661964280916,2,15,0.0
13,0.17653117415832129,1,12,0.0
22,10.37143852827889,1,11,0.0
17,1.9211130585570826,1,17,0.0
892,4702.1810756327695,14,3,1.0
18,11.873455829771036,1,10,0.0
17,5.592315127740618,0,9,0.0
24,18.52432606785986,1,17,0.0
15,4.8534602614303335,0,15,0.0
16,0.370175202151218,2,14,0.0
21,6.379516038605493,1,13,0.0
15,0.5438853820967644,1,13,0.0
19,18.86983363836401,2,11,0.0
31,4.188931492316493,1,10,0.0
21,10.294778822389869,2,9,0.0
18,4.085801751399959,1,12,0.0
20,8.937132017998028,3,16,0.0
16,17.537000869278753,1,15,0.0
16,2.168419096436577,1,15,0.0
22,7.602937030641939,1,14,0.0
17,2.3789478290788644,2,9,0.0
15,4.776123500007623,1,16,0.0
27,4.1325569521736885,1,11,0.0
15,4.8146667071622335,1,15,0.0
721,3072.1501188352363,10,3,1.0
17,8.41543907163059,0,12,0.0
18,33.820261045140306,1,11,0.0
12,6.970455797169077,0,12,0.0
16,4.054148991744415,3,12,0.0
25,14.362727779971749,2,12,0.0
16,17.509456695605756,1,12,0.0
519,3223.139885612905,17,3,1.0
21,9.244373826138894,1,11,0.0
21,15.669088045621532,1,12,0.0
21,16.483132069787295,1,15,0.0
23,4.124878817001322,1,11,0.0
16,3.30557983775405,2,11,0.0
617,2410.8978708907234,40,2,1.0
30,3.1706639240307894,0,10,0.0
17,2.085409400216103,0,11,0.0
20,14.549841844393697,0,13,0.0
268,1951.6027752650102,24,22,1.0
16,4.897544243402848,4,11,0.0
22,25.324497441644933,0,10,0.0
957,808.2840530369858,32,0,1.0
25,4.565760833998401,1,13,0.0
29,2.3458040929594244,1,14,0.0
25,5.67113688923094,2,10,0.0
20,3.4372607815508744,0,13,0.0
22,24.631641405374737,0,9,0.0
27,6.714804103862675,0,15,0.0
25,24.3956012709857,3,9,0.0
14,5.21655249638398,1,9,0.0
24,0.4999552507890129,2,9,0.0
23,20.689213499470284,1,12,0.0
15,4.034681565204138,0,10,0.0
17,3.4129431239945185,0,14,0.0
221,1691.4522818513944,24,23,1.0
21,7.280117309645197,1,9,0.0
20,8.645441715821153,0,16,0.0
22,5.8801899381336185,2,14,0.0
25,7.313639198622727,2,9,0.0
18,7.10250685793965,1,9,0.0
15,6.793036956154765,0,12,0.0
17,30.662165290749186,0,12,0.0
20,3.1788756254620107,2,13,0.0
19,12.455596926124358,0,10,0.0
16,6.606762829884718,2,16,0.0
21,2.2916465314160703,1,17,0.0
648,1533.1428900163235,14,23,1.0
21,22.823435050455757,1,16,0.0
24,2.0552093908722244,3,14,0.0
21,12.983513506207151,1,15,0.0
19,3.079491184502587,1,13,0.0
22,14.534837431308587,0,9,0.0
16,0.5667780187349984,0,13,0.0
15,7.521683720353625,1,9,0.0
23,4.946874631923913,1,10,0.0
22,0.5147789070858623,0,13,0.0
860,4325.949417208944,32,0,1.0
25,9.37032811071555,0,9,0.0
13,3.771139238267266,1,17,0.0
18,10.028804020557985,1,9,0.0
24,2.1671487418012996,0,13,0.0
20,47.82425751957565,0,15,0.0
255,3993.267488082318,36,22,1.0
21,4.569662988092903,3,15,0.0
25,19.390093682703647,1,10,0.0
29,39.097978508358096,1,10,0.0
15,32.717097512450295,1,11,0.0
25,10.293961998398009,1,11,0.0
9,7.891068667626502,1,12,0.0
25,16.840748280565037,1,15,0.0
13,29.636437182826345,1,11,0.0
22,4.870317913667741,3,9,0.0
25,4.890759423149503,2,16,0.0
15,35.09042871201905,1,15,0.0
19,12.542003125027056,3,16,0.0
18,14.443285838790793,0,12,0.0
328,4143.142718642988,42,0,1.0
23,4.187518878915807,0,11,0.0
24,19.108701925534536,1,14,0.0
20,10.827665352018027,1,14,0.0
21,7.972015097862858,0,9,0.0
22,2.8734103625037783,1,15,0.0
19,10.427608159525663,3,16,0.0
21,17.366827164148866,2,15,0.0
22,10.39609805981671,0,13,0.0
18,29.222382353711627,0,9,0.0
24,3.567707812530381,0,11,0.0
21,2.0717703525116855,1,10,0.0
22,5.2324894355089935,1,10,0.0
15,4.155220895290387,2,12,0.0
22,15.728156088659846,2,14,0.0
11,14.002943266900159,2,15,0.0
17,28.349566541541908,0,12,0.0
12,3.1197103126328503,2,17,0.0
18,11.109835747623668,1,10,0.0
15,12.354501489768733,0,10,0.0
22,5.763318590419014,0,15,0.0
19,0.8401312600671694,0,13,0.0
18,0.7840723644484237,0,15,0.0
18,1.101643549194253,2,11,0.0
851,2595.2841267708295,24,2,1.0
17,5.114201785450442,0,17,0.0
23,2.0346510251334675,1,13,0.0
24,35.92166260009256,0,14,0.0
20,7.239508357859227,1,10,0.0
24,9.108257257642823,1,10,0.0
24,28.782405196407158,3,9,0.0
23,2.1225570100557,1,13,0.0
24,6.149714248845541,3,11,0.0
22,9.857289822107594,1,10,0.0
18,1.8495617158605895,2,11,0.0
20,4.257475551903927,2,11,0.0
19,13.361048487108292,1,12,0.0
10,3.081171076850762,2,16,0.0
17,0.7826290217339418,0,16,0.0
18,11.543105249436946,0,10,0.0
27,21.90966347920705,0,15,0.0
19,8.733152423216204,2,9,0.0
21,9.75875818212531,2,9,0.0
22,14.539364905157763,1,16,0.0
21,7.2400280916214115,1,14,0.0
19,0.09139822497407572,0,13,0.0
18,1.825398744702175,2,16,0.0
24,2.9871176079183073,2,11,0.0
20,10.393342681449662,0,9,0.0
16,30.42069753215484,1,12,0.0
19,15.275059793523484,1,15,0.0
28,1.6179170719559097,1,14,0.0
17,0.9147602822482632,0,12,0.0
13,0.5303940438718154,3,15,0.0
14,7.173141242363849,1,17,0.0
24,2.996254782146343,2,16,0.0
21,13.02381382779661,0,9,0.0
19,1.4575044613225283,0,10,0.0
22,8.295102390152554,1,15,0.0
20,26.388348148913995,1,13,0.0
22,24.22966935059001,3,12,0.0
23,2.650840837639221,2,9,0.0
18,16.352548810867347,1,15,0.0
28,3.2112286103701893,3,15,0.0
11,12.120006785882092,2,10,0.0
23,0.13370187395304686,1,11,0.0
11,14.761024227580853,0,9,0.0
21,7.030186460483493,0,12,0.0
21,4.6281582282538185,0,13,0.0
19,1.4437098920670433,0,9,0.0
25,11.190795072251305,2,9,0.0
26,20.664156903706218,3,16,0.0
17,46.34101755230337,1,10,0.0
21,8.935623239443268,1,9,0.0
13,6.620616595849093,0,16,0.0
20,20.588123020419104,0,9,0.0
25,2.3836028768413504,1,15,0.0
17,8.157413262354238,1,10,0.0
18,2.729184732281616,0,13,0.0
21,9.768513387403301,0,13,0.0
16,0.578557332799298,0,14,0.0
24,13.19057106991787,1,13,0.0
22,6.29723648305585,1,16,0.0
24,12.06671168310167,0,17,0.0
16,11.276161011866513,0,16,0.0
26,7.1279101405241505,2,17,0.0
17,3.1974584480500132,1,15,0.0
23,1.0553274994126225,0,9,0.0
23,1.4579076650342595,0,15,0.0
786,4312.472754920067,41,23,1.0
18,0.9005175116264825,2,15,0.0
32,0.662409946287563,0,14,0.0
18,8.270338886506579,1,9,0.0
9,0.2017508788060096,2,12,0.0
18,10.687507237191177,1,11,0.0
25,2.3484433405544216,1,17,0.0
19,0.5258285857531576,3,16,0.0
23,12.076381380094311,3,17,0.0
14,7.724523487022353,3,17,0.0
793,2599.793381024811,14,20,1.0
443,4609.330718409878,19,21,1.0
24,5.113755556354032,0,15,0.0
20,6.895323203947223,0,16,0.0
21,1.3999150751418268,0,13,0.0
12,8.593080041840839,2,17,0.0
15,25.588170408302258,0,12,0.0
22,9.18273068755283,1,12,0.0
22,6.5427944366062185,1,15,0.0
17,10.312217588937724,2,9,0.0
22,4.40161060076273,2,12,0.0
22,2.063107767932955,1,12,0.0
15,18.10199918461819,0,11,0.0
9,12.285350410933006,1,13,0.0
19,0.7784894456788227,0,12,0.0
22,2.3065693647100898,1,17,0.0
13,35.00538206528463,2,13,0.0
18,16.931280315353632,0,9,0.0
16,21.18912348977063,1,12,0.0
33,11.945713180879817,0,12,0.0
15,1.8174372330358521,2,12,0.0
21,36.66699679510805,1,11,0.0
19,8.258669114197817,1,13,0.0
23,2.132131275156669,0,10,0.0
28,1.421059421907458,0,12,0.0
20,2.8212233914808724,1,15,0.0
21,8.618335144870423,1,10,0.0
30,44.24012812043892,2,14,0.0
24,1.601198497211068,1,16,0.0
16,8.343692995187888,2,16,0.0
24,9.450546149855406,2,12,0.0
23,7.712841710448314,1,16,0.0
19,11.640126414462555,1,14,0.0
12,10.38254694565454,2,10,0.0
18,4.720205888706231,1,15,0.0
16,19.142162628048737,0,12,0.0
15,35.10461721282547,0,17,0.0
27,3.702851098406572,1,11,0.0
12,9.071984360990504,0,13,0.0
17,2.221686339969181,0,14,0.0
16,7.298328070248495,2,15,0.0
25,12.82596094340716,1,13,0.0
24,22.057886916943296,0,16,0.0
30,33.76602397473874,3,12,0.0
13,2.5575014403376577,1,9,0.0
16,11.289186219185964,1,11,0.0
15,14.263818688932059,2,11,0.0
18,2.1403069541003954,1,16,0.0
16,2.687720454647362,1,11,0.0
14,1.7866768528615342,0,11,0.0
19,3.9732432540845726,1,12,0.0
14,0.6000251061428592,1,17,0.0
22,22.658358590423234,1,15,0.0
15,2.3800106695362913,1,10,0.0
18,4.932964606407559,0,11,0.0
17,1.0741514178209675,2,14,0.0
24,14.12047360170218,1,16,0.0
25,6.819517064981525,2,15,0.0
23,14.656022491982919,1,13,0.0
359,676.177449246851,31,20,1.0
12,1.1367336364613478,0,17,0.0
16,1.2499857540334465,2,15,0.0
463,1074.842435942101,41,0,1.0
28,10.228944477442631,0,16,0.0
29,5.974806837066781,0,12,0.0
15,1.38550386117638,1,9,0.0
29,17.027714516941884,2,11,0.0
20,20.17493424573146,1,15,0.0
25,10.48554376308141,0,15,0.0
19,3.4440915274741126,2,17,0.0
19,0.17114754765994378,1,10,0.0
12,11.49407485778765,1,16,0.0
18,25.15877712624293,0,9,0.0
12,5.412574871347138,0,12,0.0
17,2.03710351255344,1,11,0.0
18,0.6710103307627977,1,15,0.0
14,1.2187610397398967,1,11,0.0
765,3217.3131433157214,20,22,1.0
17,2.660084659001128,1,15,0.0
21,8.14754143080812,2,12,0.0
21,8.957946413840688,1,17,0.0
23,2.6998595340795934,0,17,0.0
13,34.678081469049495,0,15,0.0
23,1.7395626287471564,1,13,0.0
16,26.160303669054812,1,11,0.0
15,32.280874878124834,2,12,0.0
17,8.414648524741814,0,14,0.0
26,16.135368007096595,3,17,0.0
19,15.796610985976002,4,10,0.0
17,9.243558227107894,0,12,0.0
23,30.641646075080182,3,11,0.0
23,22.951023416293836,0,17,0.0
23,2.036456905191743,1,9,0.0
24,0.489606116102474,1,11,0.0
17,1.8212583240863993,0,10,0.0
26,1.2367354370907595,0,9,0.0
23,1.5599494428554044,3,16,0.0
12,1.4624759844401152,3,16,0.0
17,3.462368928147022,1,11,0.0
21,10.52602400797549,1,12,0.0
23,11.282420533593477,0,11,0.0
24,6.432812412387728,0,17,0.0
19,2.4551672317395816,1,10,0.0
15,42.64006729289723,2,15,0.0
773,2810.2730414383204,23,20,1.0
22,0.39157627562617364,1,15,0.0
22,9.095941499401256,0,14,0.0
20,16.254174663241876,0,12,0.0
22,8.852036528378234,1,11,0.0
27,13.315047302673324,0,12,0.0
20,25.35410987728715,0,13,0.0
22,0.4062559656359004,0,17,0.0
19,24.32787595743212,0,17,0.0
15,4.95801432353727,1,12,0.0
22,19.50927198047229,0,16,0.0
17,14.272617903951584,1,12,0.0
25,1.3176137809385666,1,14,0.0
18,17.977260081696055,2,17,0.0
349,4193.521021278068,45,0,1.0
18,15.513348179386242,1,9,0.0
17,19.23757515573203,2,17,0.0
20,5.921698082161454,1,17,0.0
18,9.836457729649995,1,13,0.0
16,5.214354274792678,3,13,0.0
569,4805.2743256150825,48,3,1.0
28,2.741999687679879,0,15,0.0
298,4889.472304341068,28,2,1.0
12,3.3104201163002145,3,12,0.0
16,1.809222658547063,1,14,0.0
23,2.5744846813005284,1,14,0.0
11,9.743091960868718,2,12,0.0
25,8.50438643540198,2,17,0.0
23,1.3818807510768476,1,15,0.0
10,0.5418584447695962,1,17,0.0
20,1.7067281655523159,0,15,0.0
22,0.5039726472645016,0,9,0.0
23,16.65665426785749,3,15,0.0
20,1.105522363989297,1,9,0.0
15,6.160786475974977,2,17,0.0
22,2.2428337527370283,0,16,0.0
15,21.30740576562935,0,12,0.0
20,33.76475102731325,0,9,0.0
17,8.50433416712856,2,17,0.0
26,5.512486005622604,3,17,0.0
19,2.7360802655942322,1,11,0.0
27,15.91797235781115,0,10,0.0
238,4657.222428640937,24,2,1.0
23,2.3753569565479,0,13,0.0
24,0.2567541475277774,0,11,0.0
15,40.94790766610068,1,13,0.0
19,9.407932524898305,1,14,0.0
20,15.266866036488427,0,11,0.0
26,34.02382283935487,1,17,0.0
24,7.624548346102644,0,11,0.0
21,20.867072732955343,2,9,0.0
23,17.372579424419513,3,12,0.0
16,4.186558770205241,0,15,0.0
13,1.0451383521476147,2,10,0.0
17,1.6816547047814727,2,15,0.0
23,2.8282488403640627,0,12,0.0
16,11.492140928944558,2,9,0.0
15,6.430410538271562,1,13,0.0
24,24.66738538820195,2,12,0.0
18,5.150451057562609,4,17,0.0
19,6.433159962391616,2,10,0.0
19,23.71434727796992,3,14,0.0
19,0.7062272014626283,1,14,0.0
12,13.655146882682956,0,16,0.0
22,4.130455662061055,1,10,0.0
19,4.818549087530512,0,10,0.0
16,3.0436496321598088,1,14,0.0
22,6.791594104632082,2,12,0.0
32,1.7421025853869085,1,17,0.0
20,5.716312513167016,2,10,0.0
26,6.3215932042349685,0,16,0.0
36,0.4561271498288456,1,12,0.0
604,2099.945778155355,19,23,1.0
15,7.1797395809636475,0,15,0.0
17,28.260040009194945,0,13,0.0
724,2465.50047359566,22,1,1.0
282,4378.1682926565845,33,3,1.0
17,17.45486159673842,2,15,0.0
17,1.12945547196431,1,12,0.0
13,15.046699026416272,0,9,0.0
12,28.30087717685054,0,17,0.0
19,6.1489750379938,0,15,0.0
16,16.353672343018978,0,9,0.0
21,15.222507530684267,1,11,0.0
21,10.187748936881086,2,9,0.0
17,32.791051766586826,3,15,0.0
23,5.652942966301168,2,14,0.0
19,12.683309540791225,2,12,0.0
26,12.367416994390526,1,16,0.0
28,6.550038568828441,2,14,0.0
17,6.779966293726646,0,13,0.0
11,6.167956781969939,1,17,0.0
12,22.17693469201768,0,17,0.0
27,4.346072147068758,3,17,0.0
15,15.875706349446999,2,15,0.0
15,2.3041288021614608,1,13,0.0
19,34.522894362762614,0,11,0.0
29,1.817969288972292,1,12,0.0
18,9.18657241194053,1,11,0.0
26,0.21376685292130954,1,12,0.0
18,3.9029853022980534,2,11,0.0
14,32.125389816854025,1,16,0.0
24,14.124374859492196,1,11,0.0
22,21.571300650389247,1,14,0.0
19,3.081957430830057,0,13,0.0
17,0.6497325670727883,1,9,0.0
20,16.91436676998317,2,14,0.0
12,21.94621492238292,1,16,0.0
21,16.45619753301989,1,16,0.0
30,4.333244080903793,1,13,0.0
25,4.979386740736429,0,16,0.0
14,8.522912935782335,1,14,0.0
17,5.336107959234128,1,14,0.0
17,21.408165714363392,1,9,0.0
19,4.488937519811548,0,10,0.0
12,8.669565294405698,0,17,0.0
12,2.1748210803096155,1,14,0.0
18,26.689101002710668,1,14,0.0
23,2.9714361492958687,1,10,0.0
16,5.292315658763624,0,15,0.0
17,8.399516810523487,0,10,0.0
10,0.9255065465997541,0,17,0.0
18,10.563609211055278,1,10,0.0
17,18.0966673005368,2,13,0.0
21,14.062217585225419,1,9,0.0
23,17.176218782347263,3,10,0.0
33,0.9098327664737925,3,14,0.0
10,9.069806436372655,2,12,0.0
18,13.722026329787393,2,13,0.0
18,53.863866684970496,0,17,0.0
24,16.022430483087756,2,14,0.0
13,17.21819800183335,1,17,0.0
15,0.40610691154355255,0,15,0.0
15,4.389453292684805,2,16,0.0
21,10.449697088155181,0,14,0.0
15,6.8285225878909985,0,14,0.0
31,5.295741788075499,1,11,0.0
23,3.512280417935832,1,17,0.0
12,8.08828531528699,0,12,0.0
18,24.827787288047688,1,13,0.0
18,2.905834473663516,0,16,0.0
28,22.299769746132633,0,10,0.0
25,6.0769434375123925,1,10,0.0
20,8.074212048861227,2,16,0.0
13,4.735327010328741,1,14,0.0
20,24.3278001496574,1,15,0.0
20,0.8879437273439632,2,17,0.0
24,19.588574344478836,2,15,0.0
17,4.3614061536654,0,11,0.0
18,4.20111919756408,3,10,0.0
15,0.5786674154582667,1,10,0.0
17,17.40213504623909,2,11,0.0
16,15.271605556957812,0,9,0.0
26,19.268888006817328,0,15,0.0
10,10.363071349461798,0,16,0.0
16,0.6787858700878611,1,12,0.0
28,7.44544354543604,1,12,0.0
16,22.886517205275506,1,9,0.0
24,2.836384814520812,0,13,0.0
16,34.10294069906828,1,17,0.0
21,7.672006290284822,0,11,0.0
22,0.16812085040206676,1,14,0.0
19,2.452012078556946,0,10,0.0
22,1.338185551045303,0,10,0.0
15,31.91063040942742,1,10,0.0
601,969.5597599650227,31,22,1.0
16,7.809194982199996,1,9,0.0
23,29.504946419583877,0,17,0.0
21,24.632486841282002,2,17,0.0
20,2.847695751020076,1,14,0.0
16,3.625415991157512,1,14,0.0
15,14.539190822571562,2,9,0.0
16,7.726669123908865,0,16,0.0
28,2.843050891945535,0,11,0.0
18,0.569511826603641,1,13,0.0
18,5.428730760242369,0,14,0.0
919,2509.1505845738657,14,2,1.0
19,1.348068598304307,0,10,0.0
11,5.686212958831294,0,9,0.0
22,11.295459704403559,0,13,0.0
20,4.885139968524393,1,14,0.0
26,2.832339093406837,0,17,0.0
24,11.473144065797577,2,11,0.0
19,3.451857319967214,1,14,0.0
14,9.75388200245351,0,15,0.0
23,9.271101002803286,0,15,0.0
20,25.734939047536727,1,13,0.0
30,8.59175562493918,0,12,0.0
19,22.78207910849886,3,15,0.0
34,4.838738420213381,1,15,0.0
20,12.767394335517256,2,15,0.0
19,6.614106824130387,1,15,0.0
24,6.641528756009293,3,12,0.0
19,20.228582254819823,0,9,0.0
27,7.42872695162486,1,12,0.0
456,4309.947110760324,33,0,1.0
27,6.498336140180051,0,10,0.0
20,15.207957726536277,0,12,0.0
21,16.60619337729086,0,11,0.0
29,28.951158634953238,2,17,0.0
24,7.8294157817454115,1,17,0.0
34,15.050102037746925,1,11,0.0
728,3930.2833785427597,11,0,1.0
22,0.9404642928966769,1,13,0.0
24,18.645859941182977,0,12,0.0
24,1.0479919419815873,0,13,0.0
22,16.186093410817165,0,15,0.0
14,19.074206678845616,1,11,0.0
16,25.855024166270127,2,15,0.0
22,3.3117200553116595,3,13,0.0
13,30.37856086718442,0,13,0.0
23,5.3721713964212015,1,13,0.0
29,24.662629819439505,0,12,0.0
21,2.1351247744299524,2,16,0.0
19,3.5270300517747204,0,10,0.0
14,2.8058075275334198,0,11,0.0
18,2.72188940651747,0,16,0.0
22,31.496957301705187,0,10,0.0
14,4.731865570492681,2,12,0.0
15,17.574954081989688,2,11,0.0
21,9.85647857367232,0,12,0.0
20,1.8406479246399878,0,16,0.0
19,2.7311887278285205,2,11,0.0
20,1.9743184633364994,2,10,0.0
19,2.9526572019694037,2,13,0.0
27,2.07450818033424,1,16,0.0
17,13.562305877172879,0,15,0.0
22,9.889433220666193,2,10,0.0
21,0.9579886618797855,1,14,0.0
24,2.187618735953728,1,13,0.0
23,28.121510585578065,0,15,0.0
22,1.1165846779993756,0,13,0.0
24,3.8452386132376466,1,14,0.0
31,15.285956584578503,1,10,0.0
23,27.092478233173118,0,17,0.0
15,2.6616907706852944,0,16,0.0
25,38.60729114137212,1,12,0.0
22,15.79564273602735,0,15,0.0
20,9.76517404963692,1,12,0.0
424,522.3761839505713,13,0,1.0
19,19.977971619660014,1,12,0.0
15,14.996800467460467,0,17,0.0
22,18.42770745761794,3,17,0.0
18,7.024650331840619,0,11,0.0
19,6.589413974462813,1,17,0.0
13,10.246727621079945,2,14,0.0
27,3.0591594300613956,1,12,0.0
27,2.2089157195134463,0,12,0.0
19,0.5653469798623354,2,11,0.0
22,0.8307195382984446,0,10,0.0
16,24.444907236395437,1,9,0.0
17,4.403577526770249,1,13,0.0
21,0.07491128991723804,1,9,0.0
19,4.066227560538971,1,10,0.0
24,4.24077810311421,2,17,0.0
16,6.1684445446344816,2,13,0.0
24,0.14298370709509134,1,12,0.0
16,13.822984251367282,1,10,0.0
15,4.578229404056283,0,10,0.0
18,1.5584950631825147,0,10,0.0
22,2.106404711792508,2,16,0.0
23,27.059461718602286,4,12,0.0
31,2.5781400225812767,0,10,0.0
319,1654.3419229661356,19,22,1.0
22,0.9226270215932828,0,10,0.0
14,11.822140960742074,4,16,0.0
25,13.521198523233412,0,9,0.0
18,20.965508154354602,3,17,0.0
22,27.18600527545924,0,9,0.0
13,9.177497882472496,2,14,0.0
14,55.79220612486673,0,14,0.0
13,4.137344285219658,2,13,0.0
10,12.283622513549934,1,14,0.0
26,8.862428486980283,1,15,0.0
27,20.37529720593822,1,16,0.0
17,1.0922917109409775,0,14,0.0
19,1.293151483508853,0,15,0.0
12,0.5427235254511537,1,9,0.0
16,3.12793314305106,0,10,0.0
21,6.898187824161011,2,10,0.0
19,13.453952423210584,1,14,0.0
21,28.45685786020836,0,10,0.0
24,5.882697799283968,1,14,0.0
18,9.073151325819923,1,17,0.0
16,4.65284490417675,2,17,0.0
19,1.1182192374809163,0,15,0.0
24,15.17232888129288,1,9,0.0
21,2.433863619780416,0,12,0.0
19,2.988110088127895,0,14,0.0
13,21.845260084460627,0,11,0.0
18,16.50037682215909,1,14,0.0
20,5.286479983624694,1,14,0.0
13,33.9986489669791,0,13,0.0
24,6.120550779169815,0,11,0.0
24,2.1322214307774274,0,14,0.0
18,9.984350052052564,0,16,0.0
16,3.389910853962133,0,15,0.0
462,3376.1513215541554,44,21,1.0
25,5.658385234599873,1,15,0.0
16,3.865745238765916,1,10,0.0
22,1.7945022237007116,3,14,0.0
330,1847.6002082641323,43,3,1.0
24,2.766220220129904,0,15,0.0
26,10.32566033985309,0,10,0.0
21,2.2209022825010862,1,17,0.0
16,16.356504660217094,0,10,0.0
23,8.02320225837003,0,15,0.0
23,0.6023630865893053,3,9,0.0
16,12.702735904993084,0,11,0.0
25,0.9296352899619693,1,10,0.0
974,2798.2097912526406,39,0,1.0
17,1.048936397058432,1,17,0.0
23,7.540307678277603,0,15,0.0
15,7.8479562756010175,1,15,0.0
21,6.128672184221816,2,12,0.0
10,4.534477217780776,1,14,0.0
15,6.280611740158921,1,15,0.0
17,28.249805182559133,0,12,0.0
21,2.1901234315893587,0,9,0.0
16,42.81406742462024,2,9,0.0
20,19.514699742606403,2,12,0.0
13,1.3594629571954329,1,16,0.0
17,23.570307087352546,0,12,0.0
21,6.286395770831904,1,15,0.0
20,21.308027774322888,0,15,0.0
544,803.9879733989046,27,1,1.0
13,14.926978155562587,1,15,0.0
17,7.723953095904596,1,12,0.0
17,17.51373720524144,0,13,0.0
23,10.75584885891871,1,12,0.0
22,8.693322051155537,1,9,0.0
17,6.078241099695139,2,16,0.0
22,2.907838704087679,2,13,0.0
832,765.5150029959514,37,1,1.0
16,0.6750479090661371,0,10,0.0
25,26.044953722626115,1,15,0.0
19,1.7835477457975988,0,12,0.0
16,12.369681625845129,2,16,0.0
22,5.338648733691773,0,12,0.0
23,9.760682660325608,0,14,0.0
25,3.6106422156098716,1,9,0.0
17,8.333658886675275,3,14,0.0
22,4.878433113638046,0,14,0.0
25,0.26968776316331805,1,14,0.0
19,5.026149865845411,2,11,0.0
17,6.989148216013418,0,11,0.0
18,3.5894447433786594,3,14,0.0
15,3.583557657247977,1,12,0.0
29,1.3540414572486228,0,9,0.0
20,1.7880250537994093,1,16,0.0
19,6.330402262968448,1,13,0.0
17,0.9069805637095328,2,13,0.0
21,7.464352566790663,2,11,0.0
16,3.86497514674119,1,13,0.0
26,4.909784785030483,2,16,0.0
23,0.7046250167707582,2,13,0.0
8,24.859792622560963,1,10,0.0
19,13.531153564902079,2,16,0.0
26,7.205551030906233,0,17,0.0
26,8.69302187398866,2,16,0.0
18,6.330699980069809,0,11,0.0
18,6.481420613442204,2,9,0.0
16,2.6529320334016115,1,9,0.0
24,29.007329465774735,3,14,0.0
25,0.00943860563902917,1,9,0.0
24,10.505511647372622,1,17,0.0
18,18.427294038461078,0,16,0.0
22,7.902036044492414,2,13,0.0
20,18.169081814715252,1,16,0.0
17,10.144618235122163,0,16,0.0
23,8.612189130065929,1,13,0.0
20,17.195263050378628,0,14,0.0
20,7.615444225294775,1,14,0.0
23,14.057930647238663,0,16,0.0
17,5.288734156216517,1,11,0.0
16,21.01682282439618,1,11,0.0
20,8.428015870012388,1,15,0.0
18,39.12296202583937,0,15,0.0
12,2.468878650835111,2,13,0.0
30,11.954479683386385,0,15,0.0
24,1.5534023502232128,1,9,0.0
25,33.65308210030412,0,17,0.0
13,0.5262413659268366,0,15,0.0
20,1.6823097059608423,0,12,0.0
482,540.9947474699075,27,21,1.0
30,30.107385711896026,0,12,0.0
13,5.903859558815344,0,10,0.0
22,12.629497426093293,0,10,0.0
16,3.3433254139902173,0,14,0.0
17,18.56162272921303,2,12,0.0
20,0.5252089647272541,0,10,0.0
18,11.29707603047288,0,13,0.0
21,35.96053654181279,2,9,0.0
24,17.127165386597838,0,12,0.0
16,1.911331444817253,0,9,0.0
19,20.024432879603733,1,16,0.0
27,7.305696752151296,0,15,0.0
20,11.75212585546878,1,16,0.0
23,2.1380374173656467,1,10,0.0
21,2.50745365570939,0,12,0.0
24,2.5809945650484005,1,14,0.0
19,3.8674186064988443,1,12,0.0
15,10.727980941774218,0,16,0.0
23,20.247990253577083,1,11,0.0
18,12.051331067717733,3,17,0.0
21,0.08656361011053938,0,11,0.0
24,0.7123170411325996,1,13,0.0
26,10.656901347996492,3,16,0.0
21,3.637040537571317,0,10,0.0
18,5.295216724374391,1,12,0.0
14,36.85057678818887,3,12,0.0
26,1.1505461797192926,3,16,0.0
36,14.132403630308566,1,14,0.0
22,8.04534465307152,3,16,0.0
25,4.826162668403628,1,10,0.0
14,43.7155939286399,1,14,0.0
24,15.799492595751158,0,12,0.0
15,0.5163328158155662,0,9,0.0
15,3.947778025434058,0,16,0.0
19,2.7549505813895308,2,17,0.0
24,0.75692174509366,0,10,0.0
26,13.935130073144775,0,17,0.0
23,26.417488453732034,1,10,0.0
15,1.3966804633328538,2,15,0.0
18,5.498151727917913,3,16,0.0
16,14.138268161482529,2,11,0.0
19,9.664861891767073,0,13,0.0
957,3275.258507150331,32,22,1.0
21,1.293935931918604,0,16,0.0
22,3.8870760543632024,1,17,0.0
729,2509.6968560688206,11,0,1.0
22,3.8712980038857356,0,10,0.0
22,2.006039838399916,2,12,0.0
12,6.123053371304392,1,17,0.0
31,14.955614060910039,3,14,0.0
19,28.359016316428004,1,9,0.0
23,2.1686116625938237,3,11,0.0
376,3286.162112221355,40,2,1.0
21,0.6211686361217883,3,10,0.0
13,6.653094822375598,1,16,0.0
25,4.381907319593558,1,15,0.0
11,12.733633745807946,1,13,0.0
16,43.10226352511046,1,12,0.0
22,12.563976528167407,0,14,0.0
18,4.657042425851867,0,10,0.0
28,2.551000443984755,3,14,0.0
18,0.7314681316131342,2,13,0.0
24,11.767471883030112,1,13,0.0
26,26.96616446896824,0,12,0.0
29,1.418731918579913,2,13,0.0
17,24.204737748903188,2,13,0.0
25,0.3300964439678932,0,14,0.0
24,6.4346895868278065,1,13,0.0
22,0.41950094080730316,1,13,0.0
18,5.902757497939404,1,9,0.0
17,17.71601571003615,0,11,0.0
20,1.6622520110856687,0,13,0.0
22,27.01089832665207,0,17,0.0
16,6.445634470898362,0,17,0.0
20,4.274382809073824,0,15,0.0
20,30.01332397244468,0,13,0.0
20,29.522839319138203,2,14,0.0
24,1.3221343489057125,0,12,0.0
24,13.920038996839228,0,16,0.0
13,10.993949372336555,0,12,0.0
17,17.217679620780682,0,12,0.0
17,2.2009309080150055,0,14,0.0
20,36.79328463826016,2,10,0.0
18,34.03226264506965,1,10,0.0
246,535.1301252000062,42,3,1.0
17,8.640347192819105,1,11,0.0
27,6.104398508926483,0,12,0.0
28,3.7773462683026224,0,10,0.0
21,10.978345053047816,1,9,0.0
22,1.705041723289947,0,14,0.0
17,2.0652011060546265,0,13,0.0
25,10.959116594483147,1,14,0.0
23,6.996088419178134,0,9,0.0
23,20.773928389576504,1,16,0.0
21,5.977345955789542,0,14,0.0
26,2.2826622628228703,0,13,0.0
21,8.310689689508559,1,14,0.0
24,18.75913127444893,1,15,0.0
30,5.998937868504367,0,14,0.0
14,26.616228671122755,2,12,0.0
24,0.03926071895142886,1,13,0.0
32,0.7332001456471235,0,11,0.0
15,8.257895573292908,0,17,0.0
23,6.260074167319419,0,12,0.0
12,8.246110153980522,2,11,0.0
21,0.752865461964761,1,12,0.0
529,1350.1628007760605,13,22,1.0
25,4.199642080226659,0,9,0.0
22,6.345091357614874,1,13,0.0
25,2.698092959748756,2,11,0.0
20,3.131524322137328,0,17,0.0
18,10.334230867400066,1,9,0.0
15,10.576473008502889,0,9,0.0
17,1.1935028499273859,1,16,0.0
18,4.7155879297284145,3,15,0.0
332,1258.7164762214406,28,0,1.0
18,13.622075409687193,2,13,0.0
26,6.637299594914071,1,9,0.0
19,0.40056716221092403,1,15,0.0
20,5.960890027945429,0,13,0.0
17,9.578701703549253,1,16,0.0
22,31.156305582691402,1,13,0.0
14,7.1428937261925,0,10,0.0
20,13.535721366789987,1,11,0.0
19,2.845292386217832,2,10,0.0
15,12.658984863540612,1,11,0.0
21,11.40217991239729,2,15,0.0
31,1.027085220912049,1,17,0.0
17,10.66592732084178,1,9,0.0
21,5.606279108861615,0,9,0.0
14,9.989183271273994,1,16,0.0
16,11.586526344019273,2,15,0.0
16,2.6792035947221264,0,16,0.0
17,17.46030222148782,1,17,0.0
9,0.8618134850617397,1,16,0.0
21,26.36276926252649,1,11,0.0
16,8.412127970078872,1,9,0.0
18,1.024500098564475,0,11,0.0
20,5.195252603984794,1,11,0.0
18,18.51162288407666,0,10,0.0
20,3.9726309360910292,1,17,0.0
18,23.94990969259302,1,17,0.0
23,5.146000942652068,0,13,0.0
834,3550.4290421089936,14,0,1.0
26,8.459579431278556,1,10,0.0
21,1.7103020498506682,1,15,0.0
16,1.8182807499576956,1,10,0.0
22,4.557509087351677,2,13,0.0
23,6.153771658155213,3,10,0.0
20,7.777309800773883,1,12,0.0
19,0.10097792590495576,0,9,0.0
17,2.79204498156098,1,12,0.0
18,5.412307227728146,0,9,0.0
19,7.907078851523114,1,16,0.0
14,11.516021527080916,1,12,0.0
17,2.9947454226575405,0,10,0.0
23,19.909295283305287,0,10,0.0
25,7.283022826106168,3,10,0.0
20,5.929449070426362,1,15,0.0
17,1.8340198741437872,1,17,0.0
15,1.591871344433472,0,17,0.0
23,10.294456297007429,0,10,0.0
23,17.731509919733245,1,15,0.0
24,14.685749366669324,2,11,0.0
23,16.853747807542533,0,12,0.0
14,13.139758924631344,0,14,0.0
23,4.4578029548790035,0,12,0.0
19,13.837752832423147,2,16,0.0
21,5.897205998370383,3,13,0.0
25,2.246136717730347,2,13,0.0
15,14.35022083624277,3,10,0.0
24,6.235022135159872,0,17,0.0
471,3832.0390507261536,33,2,1.0
23,3.2557935642692977,1,14,0.0
13,4.567776864231982,2,17,0.0
29,5.542650325196402,0,17,0.0
17,11.21758836160869,2,15,0.0
14,2.977044174410967,1,11,0.0
18,0.8797148630394105,0,15,0.0
18,2.3763143226281565,1,14,0.0
20,17.834433939625093,3,15,0.0
28,7.467463171522045,1,10,0.0
16,7.451107299407692,0,9,0.0
23,14.790766602183062,2,10,0.0
19,3.121704530352204,2,12,0.0
18,4.065340018014807,0,12,0.0
28,7.03430989613681,3,10,0.0
20,7.864810288349036,2,15,0.0
28,4.93369997015077,0,14,0.0
17,3.606472922375769,1,9,0.0
24,0.28235960383236114,1,14,0.0
29,2.069101494282347,0,17,0.0
26,39.50824874529127,0,12,0.0
25,3.6867829922359565,2,15,0.0
23,9.524005241928169,2,15,0.0
26,27.41447060897155,0,15,0.0
21,6.772772358033138,1,13,0.0
17,4.342210891811812,0,9,0.0
9,8.423550598058522,0,14,0.0
22,2.3695079741946246,2,16,0.0
20,0.8009265717967772,0,9,0.0
15,18.809030796253467,1,9,0.0
18,13.490352676786701,0,12,0.0
22,5.700997387791121,0,12,0.0
13,1.381951044775152,0,9,0.0
22,6.268456725239999,0,15,0.0
16,0.8549083073875873,2,12,0.0
24,16.702857504004903,1,12,0.0
18,3.8625278168205273,0,14,0.0
21,22.440620422850014,0,10,0.0
237,2974.587742072227,17,20,1.0
13,1.5438965322309528,2,13,0.0
17,6.729247746933954,0,10,0.0
17,1.9734781486214787,1,15,0.0
943,3533.103474771171,41,22,1.0
16,5.281476574635663,0,9,0.0
24,2.8163964810765982,1,10,0.0
23,9.894169475129024,1,10,0.0
23,2.854013148656487,0,13,0.0
18,1.3153049077306842,1,9,0.0
20,7.053102363562191,1,13,0.0
25,5.84570568956086,2,17,0.0
21,4.56158139857578,3,11,0.0
21,3.5378944741350575,0,15,0.0
22,19.19261976619523,0,15,0.0
24,4.463807037756296,1,14,0.0
961,648.0838534143725,34,21,1.0
24,8.42181466362131,2,17,0.0
22,14.362184340838892,2,9,0.0
19,3.0881795635781097,0,10,0.0
22,17.057321038928244,1,11,0.0
21,20.24950264696681,0,14,0.0
22,0.16157996622941762,1,16,0.0
27,10.433291195260189,0,17,0.0
16,8.16832765791855,2,10,0.0
18,9.55626630746666,1,16,0.0
783,739.9853069303581,15,3,1.0
17,0.19847140688670828,1,11,0.0
20,3.0475427946301186,0,10,0.0
14,31.693970046019153,2,14,0.0
17,8.212441845663424,1,9,0.0
15,4.277904065455159,1,10,0.0
18,7.8702078034706355,0,11,0.0
11,7.050695709406195,1,15,0.0
21,7.905551223959676,0,10,0.0
12,0.9700608578105192,2,12,0.0
23,37.05430375478479,0,15,0.0
20,0.10019260310612232,0,13,0.0
24,19.02821255098704,1,13,0.0
20,3.0938436417915725,0,13,0.0
22,6.080099924140657,0,15,0.0
19,22.161678354565492,0,15,0.0
22,14.4880336918778,0,12,0.0
21,2.0311164819812078,1,17,0.0
17,11.246406184348823,1,14,0.0
14,14.251189713947634,0,11,0.0
14,6.337597321774265,1,12,0.0
17,16.925792753171912,1,13,0.0
22,5.167095542509633,3,17,0.0
15,2.0067004893021863,1,10,0.0
24,5.911798632695978,1,9,0.0
17,24.685209167173447,3,14,0.0
24,4.443242031000813,1,16,0.0
14,7.1762139923226576,1,13,0.0
22,15.30171671923533,1,10,0.0
21,11.47816668870851,3,12,0.0
16,1.118314345857824,0,12,0.0
24,4.502041149450101,0,9,0.0
19,9.959707625687814,1,10,0.0
22,4.378047559594562,0,11,0.0
21,4.204906620785936,1,17,0.0
22,22.436891236837578,1,13,0.0
13,6.5781351175577925,1,9,0.0
24,11.149230976089497,0,11,0.0
22,19.445619673465355,2,17,0.0
18,13.643065459790492,4,13,0.0
21,16.69331315894135,1,15,0.0
20,16.54432373040347,1,16,0.0
31,1.6923863003010058,0,11,0.0
11,10.087441994171233,1,17,0.0
16,12.745982272098729,1,14,0.0
29,4.34369423393203,0,17,0.0
24,2.746363340482561,1,16,0.0
17,12.330019206786895,0,16,0.0
23,5.4515761601196155,2,10,0.0
21,20.869337155425406,2,12,0.0
13,13.764257632959037,0,10,0.0
24,4.266200150101238,1,10,0.0
21,4.73768270190911,2,16,0.0
20,4.077852327224315,1,9,0.0
19,26.06301516859094,0,14,0.0
19,5.943621129648129,1,15,0.0
15,11.061027387808258,2,10,0.0
16,18.083700693350846,1,15,0.0
863,4522.785172486461,33,3,1.0
17,27.83547309211879,1,9,0.0
30,37.846779729212344,2,16,0.0
21,5.919027681089136,0,16,0.0
20,8.670074603329944,1,12,0.0
17,5.80896065014139,2,9,0.0
23,4.34681646737881,0,16,0.0
18,11.806108686439714,2,12,0.0
18,32.377096422818276,0,15,0.0
17,3.7140473047581497,2,10,0.0
17,14.600038428355447,2,13,0.0
21,1.0169453224685197,1,9,0.0
886,2468.224591218454,32,2,1.0
22,11.108690734334095,1,13,0.0
18,15.852834081430325,2,9,0.0
14,0.5829199921078438,3,12,0.0
13,0.5427318919853095,1,16,0.0
27,1.522181225463228,0,11,0.0
22,7.911509676433815,2,17,0.0
18,14.418740655488278,3,15,0.0
23,0.1056887890164542,1,11,0.0
11,4.1697404302297745,0,11,0.0
14,0.5755109694799061,0,13,0.0
18,10.454447389605757,2,11,0.0
26,1.7607830972219596,0,17,0.0
20,37.92311305678069,1,16,0.0
643,1326.034602262971,30,23,1.0
16,5.56685858065787,1,11,0.0
19,4.370557219201942,1,16,0.0
15,2.789768950487199,1,10,0.0
18,19.19482755887859,1,17,0.0
14,6.413817504585445,2,12,0.0
355,1260.3746751705066,16,23,1.0
26,14.893712778192283,0,16,0.0
22,7.377907917161199,0,14,0.0
21,20.966085503639164,1,15,0.0
22,6.965513000185243,1,11,0.0
14,0.8927178086526871,0,17,0.0
17,1.8731042811116805,2,12,0.0
27,1.129682623868175,3,16,0.0
18,3.732578244646098,1,16,0.0
14,13.037707967543994,1,13,0.0
14,7.652867110493617,1,13,0.0
20,1.7032913210886145,0,12,0.0
469,4956.070478392932,48,23,1.0
19,1.540672594193694,0,10,0.0
20,3.8525204937380675,2,10,0.0
18,1.8532032120778896,3,15,0.0
31,20.366975721761563,1,9,0.0
22,3.6128524627551957,0,16,0.0
22,24.029411851621447,0,14,0.0
20,5.578156560250175,0,16,0.0
21,25.262294265025247,0,14,0.0
21,15.451635577488867,2,13,0.0
19,1.9864443028678105,2,14,0.0
24,15.848015791272337,1,10,0.0
27,9.311425135641063,1,16,0.0
20,16.230167151835854,0,17,0.0
22,3.9562204622884996,1,17,0.0
20,5.00471317699037,0,13,0.0
21,14.955070210020512,0,11,0.0
14,1.348324191825476,0,17,0.0
19,6.613776565118254,0,17,0.0
15,15.038530172563103,0,10,0.0
22,4.486965463877523,1,17,0.0
26,24.01626766714926,0,17,0.0
18,0.9763202338712916,1,17,0.0
25,46.71602464184588,1,16,0.0
15,6.949019310135927,2,17,0.0
22,10.906805127395165,0,10,0.0
21,41.40773745591833,0,9,0.0
21,35.70041022711964,1,15,0.0
21,6.235939120134725,1,13,0.0
16,41.769315472305344,0,11,0.0
13,4.183209543908321,1,17,0.0
18,5.107973213224561,3,15,0.0
22,14.313167606257016,0,12,0.0
18,1.966474309886321,1,13,0.0
21,7.522759764356404,0,14,0.0
24,4.862274151745636,1,9,0.0
24,2.98551118000952,0,16,0.0
24,0.715356769404299,1,14,0.0
418,4844.300526383266,39,1,1.0
16,27.722875259896007,1,10,0.0
22,21.15218424266621,0,15,0.0
15,1.1222888628088814,1,15,0.0
16,14.685089048092959,1,12,0.0
19,14.6424349774768,1,15,0.0
24,7.187014146510949,1,14,0.0
22,4.6001394149711325,1,9,0.0
16,45.21318045769716,0,17,0.0
18,9.33223795333167,2,12,0.0
19,4.592617027101013,0,11,0.0
27,27.5782178131858,2,17,0.0
21,9.006256226776637,0,15,0.0
16,3.668519016038897,1,14,0.0
22,39.769657357820215,1,16,0.0
16,5.016666799684821,2,11,0.0
16,12.781546765266114,1,12,0.0
384,2846.6987976765026,43,22,1.0
16,6.910851963529034,0,14,0.0
15,17.613420220777932,0,12,0.0
24,3.3235237480264863,0,14,0.0
14,8.460817256006495,0,16,0.0
16,23.833748858765222,1,14,0.0
25,6.7595665184858165,0,12,0.0
19,7.69724051944379,1,12,0.0
16,13.869378999650051,1,10,0.0
15,7.014472145775823,0,9,0.0
19,11.929965572421173,0,17,0.0
19,1.2713022257045767,0,17,0.0
27,5.4288917247334965,0,14,0.0
500,2600.2189508175597,31,2,1.0
24,12.297029562543074,0,15,0.0
22,27.81655938574392,2,17,0.0
18,11.774196902628969,0,16,0.0
22,9.825638577462422,2,16,0.0
19,4.705179147046566,0,10,0.0
21,8.877791779354787,0,12,0.0
22,7.437508321439221,2,11,0.0
30,1.3800146575840964,4,16,0.0
19,24.283588771318346,2,16,0.0
27,17.861216418966364,1,15,0.0
20,13.1758656716264,1,13,0.0
31,4.490539141026324,0,13,0.0
22,0.07117079205984536,0,10,0.0
20,2.3668874899555976,1,17,0.0
18,9.902169130855343,0,11,0.0
17,0.7589350945912952,0,14,0.0
12,5.002740220250082,3,12,0.0
12,10.071571876970358,1,10,0.0
25,13.005980199765297,3,10,0.0
20,16.493824369740896,0,16,0.0
889,4577.5028815099595,48,1,1.0
24,10.928465572219721,1,12,0.0
16,29.53757035544998,4,15,0.0
26,6.98729617097775,2,14,0.0
13,3.5391618306417034,1,12,0.0
21,24.031175865554864,2,16,0.0
29,1.8246636949921733,3,12,0.0
14,12.926880628254265,0,17,0.0
23,23.750000822335053,1,13,0.0
13,6.862021973434834,0,12,0.0
22,5.854186923446787,0,9,0.0
25,1.1473809550171603,2,9,0.0
15,4.2611528855376966,0,9,0.0
18,3.8610190454554534,0,12,0.0
19,6.968932503752249,0,11,0.0
19,11.57447962235766,2,9,0.0
32,5.40225155449243,0,15,0.0
14,1.9111656684213845,1,12,0.0
11,1.9176418206573729,2,9,0.0
20,3.2729711615012036,1,16,0.0
15,3.3028977644847473,3,9,0.0
15,9.347714960388029,1,17,0.0
17,0.683380585903191,1,14,0.0
24,12.707829011384241,1,14,0.0
17,8.109167485496629,1,16,0.0
17,27.30227062302025,2,16,0.0
24,3.1394315773425765,1,14,0.0
18,12.50391564420102,1,12,0.0
22,3.558511759046725,0,10,0.0
20,2.797076890024286,1,13,0.0
25,0.33026000623942625,3,11,0.0
26,0.8105444888728247,0,10,0.0
24,3.793128021166588,0,13,0.0
23,1.4074359184092333,0,10,0.0
20,7.408390715827052,0,10,0.0
393,2186.3791227924216,27,0,1.0
7,21.51444375888644,0,15,0.0
20,12.856695050099072,2,9,0.0
721,4378.748412114461,36,1,1.0
593,2206.4535780603546,25,20,1.0
389,4862.627691922347,24,23,1.0
22,3.565740882720736,1,14,0.0
19,4.719101956202916,1,13,0.0
20,32.58415624500881,1,10,0.0
18,4.513865698313259,1,13,0.0
22,3.103293291023623,0,12,0.0
17,57.60125639712095,1,11,0.0
21,27.566103598609697,0,11,0.0
22,9.338772630256832,2,15,0.0
26,17.694061649017577,1,13,0.0
23,0.22227014856001653,1,9,0.0
16,22.59101755380312,0,11,0.0
27,0.27480814660305225,0,17,0.0
30,6.4454815978433455,4,10,0.0
27,2.1358410474777547,0,15,0.0
18,0.423829262133264,1,12,0.0
16,6.3847437323723035,0,15,0.0
19,8.575324885939446,2,12,0.0
16,1.6241217431059465,1,13,0.0
22,27.51634823268175,2,13,0.0
14,1.1284603919401595,0,17,0.0
18,21.5830058932729,3,14,0.0
11,5.139576421468563,0,15,0.0
25,3.1564762782648637,1,10,0.0
20,4.071302844221822,1,16,0.0
22,4.045597328496305,0,15,0.0
12,15.610442552986116,0,12,0.0
16,3.791151097355419,1,10,0.0
16,14.672553344303774,0,16,0.0
17,1.4361421961938277,1,16,0.0
23,7.783283729338986,0,10,0.0
18,25.593518675257073,2,15,0.0
824,927.7930546567723,32,22,1.0
17,7.5513395050536305,3,9,0.0
19,37.91496368180414,1,13,0.0
19,8.608245122926814,0,12,0.0
17,25.231391471947113,0,10,0.0
12,11.623010700110076,1,9,0.0
22,2.7654601110677484,0,16,0.0
21,1.6417965354404886,1,9,0.0
28,11.4344892650929,1,16,0.0
20,8.716078660550046,0,16,0.0
22,0.3978755136904316,1,14,0.0
18,3.7517967311876155,0,11,0.0
15,4.261817261473234,1,15,0.0
26,25.26205809496616,0,16,0.0
14,2.453737461825311,1,15,0.0
19,9.908365327146969,3,15,0.0
28,9.58733774388437,1,12,0.0
25,20.37884213244392,1,15,0.0
15,12.024002760720883,2,9,0.0
23,7.855388277457019,0,13,0.0
9,67.19564161523772,1,11,0.0
19,6.362017884461855,3,16,0.0
18,2.284783409540003,1,15,0.0
18,11.80511608794534,3,14,0.0
13,1.8420722848603805,2,15,0.0
20,6.305867695387049,2,17,0.0
11,2.2026058993695665,0,12,0.0
10,0.28524488794425845,0,9,0.0
27,2.2757193450381825,1,17,0.0
20,1.3567406142994551,2,15,0.0
16,0.06203021661939663,1,15,0.0
23,10.076022297450667,0,11,0.0
21,15.173114506113388,1,15,0.0
777,2712.706580705324,29,23,1.0
19,12.393299493894105,0,12,0.0
26,7.729766321930503,0,13,0.0
24,11.764983799247519,0,12,0.0
16,2.892726762642045,5,13,0.0
23,5.6236935669807036,1,12,0.0
23,18.394561063975754,1,11,0.0
15,2.7855654425901073,0,9,0.0
22,3.590523987477106,2,15,0.0
19,6.664716878250678,1,13,0.0
18,6.439171246687819,1,9,0.0
19,23.737221616993832,1,17,0.0
424,2761.551395552289,26,23,1.0
19,0.26178662741660264,0,11,0.0
17,17.13005607158773,1,15,0.0
22,23.190318981262067,1,16,0.0
21,10.360603487607946,1,11,0.0
16,19.276852867320713,3,13,0.0
19,1.8688697637845186,2,11,0.0
20,5.310584998237119,1,14,0.0
21,7.757938181417403,0,10,0.0
14,9.743844595999843,0,14,0.0
25,1.458884019274092,0,12,0.0
24,3.2049854286752937,0,15,0.0
19,8.204004052368134,2,16,0.0
14,2.6514050490345293,0,10,0.0
20,2.088707106295546,3,12,0.0
22,7.997765776660357,1,12,0.0
16,0.08531871735415614,1,14,0.0
16,2.7753861851442907,1,17,0.0
18,4.180050749021779,0,12,0.0
20,4.041060702801168,0,14,0.0
23,37.48906755366757,3,14,0.0
29,5.214929938474136,1,11,0.0
19,6.232663761276579,2,13,0.0
22,3.4802214547138766,1,11,0.0
15,33.15529595780795,0,17,0.0
22,19.0771861929179,1,10,0.0
19,6.029862449957474,0,12,0.0
19,16.101260629157196,1,17,0.0
29,2.6511092308046225,1,15,0.0
19,6.6482078482397045,1,11,0.0
24,9.4112855647433,0,15,0.0
25,17.250694546982118,1,9,0.0
19,6.5873234432414005,0,12,0.0
14,24.279795363560048,1,11,0.0
17,17.316257412276723,1,10,0.0
16,7.155846718672418,1,12,0.0
17,0.8189001647048278,0,12,0.0
13,1.572568957098479,0,17,0.0
24,14.11858751217078,1,14,0.0
17,2.4906472205362644,0,13,0.0
918,1456.8113721357827,42,23,1.0
25,2.914724477772956,1,10,0.0
25,3.6790801361594245,1,10,0.0
9,18.634536779680218,2,12,0.0
17,5.290174216094635,1,14,0.0
22,24.96743767706662,0,11,0.0
29,4.9975491480579635,0,16,0.0
19,33.894950542195915,0,16,0.0
20,32.89635896070803,1,14,0.0
21,11.502090453818122,0,16,0.0
21,4.806464623836332,0,9,0.0
21,0.6571407730269342,0,13,0.0
12,2.9726430388876834,1,17,0.0
17,3.9955153177151197,3,9,0.0
23,5.98474268823776,3,15,0.0
14,9.63081077175991,1,10,0.0
17,30.601665738643476,2,17,0.0
27,22.61594135726668,1,11,0.0
19,0.7316233417478717,0,12,0.0
12,5.215774456268805,1,9,0.0
23,7.855007082379247,0,9,0.0
25,4.568456303954298,1,10,0.0
13,20.366401070834076,0,13,0.0
16,17.985318673707038,0,9,0.0
16,25.857256216489148,0,17,0.0
21,17.230056418565404,1,11,0.0
26,6.030932642193319,2,14,0.0
17,6.682103205735585,1,16,0.0
17,1.3963044916895553,0,13,0.0
22,2.14852062921371,2,9,0.0
24,1.5243296918962812,0,15,0.0
18,6.792101743118284,1,9,0.0
14,5.476843323612204,1,10,0.0
16,1.7980399861983345,0,11,0.0
19,2.3064667431931336,0,12,0.0
24,2.32577278553416,1,13,0.0
16,9.855158139154206,1,12,0.0
19,3.631104997105856,2,12,0.0
19,1.5793716599131582,1,12,0.0
13,44.54216042922717,3,9,0.0
23,0.9965371187533156,1,13,0.0
14,1.6942689529567185,0,17,0.0
23,2.7475929039765354,1,13,0.0
17,6.255564488240273,1,12,0.0
23,12.068626333420971,0,12,0.0
16,2.991573471431959,0,17,0.0
21,6.174328266877547,1,14,0.0
18,16.643354328668572,1,17,0.0
19,8.726203246911183,0,15,0.0
11,1.4319661998462756,1,10,0.0
18,26.27563895953608,1,16,0.0
21,1.3736722760166387,1,11,0.0
23,26.921800594457327,0,10,0.0
15,21.98230580519771,1,9,0.0
16,9.003564948429716,1,12,0.0
24,4.882290358062499,0,14,0.0
17,0.7495329816360979,0,13,0.0
22,7.5117735210724055,0,11,0.0
28,20.160648378543687,1,15,0.0
18,13.162935503107585,0,14,0.0
21,20.22699065275232,0,9,0.0
18,0.4021549631119339,2,13,0.0
21,3.715108568727232,0,17,0.0
14,3.4566288093877775,4,9,0.0
21,18.105737778139797,1,13,0.0
14,14.228622167262348,1,10,0.0
18,7.325383089290653,4,17,0.0
23,0.3740382591535727,0,16,0.0
10,3.6770568733128934,0,17,0.0
24,8.323003059024982,0,17,0.0
11,16.963869815555796,1,13,0.0
15,4.9299981612267185,1,15,0.0
18,12.72954256690394,2,16,0.0
23,1.5533066980890384,0,13,0.0
11,18.664613067505318,2,10,0.0
16,0.21232989903297278,1,12,0.0
24,0.18246552658334125,1,10,0.0
24,0.8345052710620731,1,12,0.0
20,19.54205028797643,1,15,0.0
21,5.62721158567536,0,11,0.0
19,3.1152191292121847,1,16,0.0
15,8.047826218231986,1,15,0.0
21,11.304877464462068,3,15,0.0
22,0.21261331197272668,0,9,0.0
16,1.7537807086470178,3,15,0.0
16,33.699845514061636,2,17,0.0
13,0.07385031969425601,0,15,0.0
19,10.191761104201651,0,13,0.0
17,9.074971971129079,2,11,0.0
14,37.132508037375295,1,11,0.0
18,7.919632592061517,1,17,0.0
18,4.649552490941316,2,10,0.0
25,0.5869152822031951,0,16,0.0
15,0.30824021993599404,0,12,0.0
17,9.819857886522351,1,14,0.0
23,2.9195640375486147,1,14,0.0
16,3.350179290243876,0,16,0.0
21,0.8176321104909191,1,17,0.0
24,8.658671471970726,2,13,0.0
13,33.34096852533761,1,9,0.0
30,9.897949720207693,2,12,0.0
14,10.738438921378872,1,17,0.0
11,11.53391740233651,3,9,0.0
322,4334.048822697694,44,2,1.0
20,14.560685283865173,0,15,0.0
24,1.6654216762942924,0,15,0.0
24,9.963366608537275,2,11,0.0
18,3.4929827337824992,1,15,0.0
31,10.518939387495529,1,17,0.0
24,1.1595237416773536,2,13,0.0
19,12.831574498797453,1,13,0.0
21,11.526749147124844,0,10,0.0
32,2.2754209615977765,0,16,0.0
23,9.53212685863501,1,14,0.0
20,12.262324862905412,2,15,0.0
12,20.143708266488368,1,15,0.0
22,0.9150856707954504,1,10,0.0
19,3.972561919199786,1,10,0.0
22,3.0225338149362373,0,10,0.0
23,3.580563542633727,0,16,0.0
24,1.342670830781798,2,17,0.0
21,3.5332381890467044,0,15,0.0
16,25.67671331856038,1,13,0.0
25,7.021938264501641,1,15,0.0
21,30.419872995123423,0,9,0.0
363,1589.3989982847722,40,0,1.0
18,24.700125374083306,0,9,0.0
29,15.994778549907307,0,14,0.0
16,1.0745021326639204,1,11,0.0
334,4459.574449885065,13,1,1.0
18,15.96623143161346,1,10,0.0
23,0.5414978063461413,1,11,0.0
19,3.8112007453192884,1,15,0.0
25,14.113752089015922,1,9,0.0
21,3.123671923215122,1,9,0.0
18,20.775717911851803,1,16,0.0
24,9.42573260902678,1,17,0.0
21,8.572326375919161,2,16,0.0
21,11.940654246732532,2,11,0.0
24,7.9167666712083085,1,15,0.0
17,3.716013463532872,2,11,0.0
20,2.2938704243742594,2,13,0.0
14,4.007103553554071,1,16,0.0
17,5.124441440107727,0,15,0.0
995,3427.632439907555,32,23,1.0
31,18.016509430520838,0,11,0.0
28,2.1203317494335385,1,13,0.0
30,0.4116981764792729,0,9,0.0
20,2.253897574630221,1,10,0.0
14,11.769338056519867,0,11,0.0
20,3.201888723770476,0,17,0.0
23,1.1228871316461362,2,9,0.0
20,0.33994906828486743,1,13,0.0
22,5.26248255940149,0,12,0.0
15,2.379347310336946,3,13,0.0
299,4203.930111330352,11,0,1.0
12,16.345856522227816,1,15,0.0
21,1.557653406618626,1,13,0.0
19,5.835149851435856,1,15,0.0
21,37.55773272227464,2,17,0.0
14,0.2513035011474158,0,13,0.0
26,12.269125744285759,3,14,0.0
20,7.88398852541655,1,10,0.0
21,4.1789765346116905,1,16,0.0
29,0.3829002510353262,1,9,0.0
23,3.0418323325927004,2,12,0.0
22,1.6457152044913623,0,11,0.0
27,16.51657816993581,1,9,0.0
15,15.630964941573577,3,14,0.0
28,14.363760038083516,1,17,0.0
20,3.1948171795659257,0,15,0.0
23,10.872563747276573,1,16,0.0
17,0.6898554632446562,3,13,0.0
23,18.558534790312862,5,10,0.0
16,24.747307783204615,0,10,0.0
15,12.516164435330733,1,11,0.0
19,39.83698090905679,2,10,0.0
27,4.0996028771175075,0,13,0.0
310,870.3209345808922,28,3,1.0
27,0.7089544012621513,0,13,0.0
17,15.286021235958033,1,15,0.0
23,5.75835464825132,2,14,0.0
22,3.2506942337244356,1,15,0.0
21,16.14142569706346,1,10,0.0
27,1.4500090076607333,0,13,0.0
20,5.221794157730675,1,13,0.0
15,0.09876161699253505,0,10,0.0
18,14.901121553535596,2,10,0.0
19,0.9274963440079735,0,17,0.0
14,4.732953305576785,1,16,0.0
21,3.9909610254281986,1,15,0.0
22,0.34981643404519636,2,10,0.0
14,31.111025296618816,1,12,0.0
17,0.5369523280581069,0,10,0.0
29,2.227308090548245,1,11,0.0
21,9.064483164417831,1,12,0.0
24,6.692357418441129,1,11,0.0
22,2.7862980845511034,0,13,0.0
13,4.737918784843434,0,14,0.0
17,10.442102379321902,0,15,0.0
17,3.2712764016523215,2,12,0.0
20,16.048591398903223,2,9,0.0
19,2.0862757587292684,1,14,0.0
20,5.284783769839866,0,17,0.0
260,3347.277737034049,28,23,1.0
14,11.20110415651195,2,12,0.0
21,7.621190833944656,1,13,0.0
27,0.13317093076374448,1,10,0.0
19,1.0441220131407043,0,16,0.0
20,21.64902517156557,1,11,0.0
25,34.37795993212773,3,17,0.0
19,1.6785174724564293,1,12,0.0
22,5.7095537885997505,1,12,0.0
24,1.5854396621277056,2,9,0.0
17,3.9085921597561235,1,17,0.0
19,1.283810469549652,0,13,0.0
25,5.657523269022081,0,9,0.0
21,0.8495590498342367,1,13,0.0
19,8.599291123141334,1,15,0.0
19,13.211074682337152,0,13,0.0
24,41.718238227828515,0,16,0.0
21,5.4078421254846765,1,12,0.0
22,10.885947605796629,1,10,0.0
21,0.37142367269751364,1,17,0.0
19,3.410385814119751,3,10,0.0
29,8.712906884079192,1,9,0.0
11,12.390871625761168,2,11,0.0
16,2.0339579323191286,2,12,0.0
25,8.754061349555618,2,11,0.0
23,0.9227126970243187,1,16,0.0
22,1.3962763769942,0,13,0.0
22,7.664660415073957,0,11,0.0
21,4.729951078148243,1,12,0.0
17,8.366906605206099,2,17,0.0
22,17.296722101825026,1,17,0.0
25,11.806477254887483,1,11,0.0
21,2.1119248353923976,1,15,0.0
17,10.891284382694685,1,13,0.0
28,2.701309659716003,0,12,0.0
